{
    "task_b": {
        "script": {
            "p1": 0.05728012,
            "p2": 0.08611111, 
            "p3": 0.10333333, 
            "p4": 0.11380323, 
            "p5": 0.09693558, 
            "p6": 1.78160920, 
            "p7": 0.06158125, 
            "p8": 0.06347256, 
            "p9": 0.07339015, 
            "p10": 0.11877395, 
            "p11": 0.12916667,
            "p12": 0.08525853,
            "p13": 0.04888048,
            "p14": 0.07077626,
            "p15": 0.09292566,
            "p16": 0.07087334,
            "p17": 0.14804202, 
            "p18": 0.15107212,
            "p19": 0.08582503,
            "p20": 0.11280932,
            "p21": 0.11689291,
            "p22": 0.09860051,
            "p23": 0.10190664,
            "p24": 0.06217409,
            "p25": 0.14636449,
            "p26": 0.09711779,
            "p27": 1.03333333,
            "p28": 0.25203252, 
            "p29": 0.04273504,
            "p30": 0.05555556,
            "p31": 0.04210812, 
            "p32": 0.04110316,
            "p33": 0.04269972,
            "p34": 0.04608980,
            "p35": 0.04600772,
            "p36": 0.05110452,
            "p37": 0.05156354, 
            "p38": 0.04544122,
            "p39": 0.07126437,
            "p40": 0.09242695, 
            "p41": 0.03421634,
            "p42": 0.12128326
        },
        "diagrama": {
             "p1": 0.05477308,
             "p2": 0.09043928, 
             "p3": 0.06600660,
             "p4": 1.86666667,
             "p5": 0.10928962,
             "p6": 0.44444444,
             "p7": 0.07777778,
             "p8": 0.03778677,
             "p9": 0.05464481,
             "p10": 0.04115226, 
             "p11": 0.04089980, 
             "p12": 0.04938272,
             "p13": 0.06647673,
             "p14": 0.07777778, 
             "p15": 0.06436782,
             "p16": 0.03856749,
             "p17": 0.06554307,
             "p18": 0.09096816,
             "p19": 0.07688083,
             "p20": 0.05477308,
             "p21": 0.05083515,
             "p22": 0.07551241,
             "p23": 0.10928962, 
             "p24": 0.08423586,
             "p25": 0.06213937,
             "p26": 0.03220612, 
             "p27": 0.32407407,
             "p28": 0.08974359, 
             "p29": 0.05128205, 
             "p30": 0.05509642, 
             "p31": 0.04196643, 
             "p32": 0.05023323, 
             "p33": 0.02849003,
             "p34": 0.04638834, 
             "p35": 0.05464481, 
             "p36": 0.04111601,
             "p37": 0.06638217,
             "p38": 0.04129794,
             "p39": 0.04896817, 
             "p40": 0.04566210,
             "p41": 0.01992599, 
             "p42": 0.04415011
            
        }
    }   
    
}
