{
    "task_a1": {
        "provenance_curious": {
            "p1": 0.02681992,
            "p2": 0.04723347,
            "p3": 0.00480703,
            "p4": 0.11326861,
            "p5": 0.01553484,
            "p6": 0.44871795,
            "p7": 0.08274232,
            "p8": 0.11111111,
            "p9": 0.30701754,
            "p10": 0.08771930,
            "p11": 0.26515152,
            "p12": 0.11437908,
            "p13": 0.09562842,
            "p14": 0.09641873
        },
        "prospective_prov": {
            "p1": 0.07103825,
            "p2": 0.17473118,
            "p3": 0.06666667,
            "p4": 0.04111322,
            "p5": 0.06966774,
            "p6": 0.06429278,
            "p7": 0.10466989,
            "p8": 0.05336617,
            "p9": 0.08530184,
            "p10": 0.06208214,
            "p11": 0.08563900,
            "p12": 0.06585613,
            "p13": 0.03323108,
            "p14": 0.06069094
        },
        "visustin": {
            "p1": 0.10463378,
            "p2": 0.09523810,
            "p3": 0.20114943,
            "p4": 0.22875817,
            "p5": 0.16786571,
            "p6": 0.06965174,
            "p7": 0.10954617,
            "p8": 0.10463378,
            "p9": 0.09523810,
            "p10": 0.20114943,
            "p11": 0.22875817,
            "p12": 0.16786571,
            "p13": 0.06965174,
            "p14": 0.10954617
        }
    },
    "task_a2": {
        "provenance_curious": {
            "p1": 0,
            "p2": 0,
            "p3": 0,
            "p4": 0,
            "p5": 0,
            "p6": 0,
            "p7": 0,
            "p8": 0,
            "p9": 0,
            "p10": 0,
            "p11": 0,
            "p12": 0,
            "p13": 0,
            "p14": 0
        },
        "prospective_prov": {
            "p1": 0.11058452,
            "p2": 0.07675439,
            "p3": 0.18518519,
            "p4": 0.18970190,
            "p5": 0.18229167,
            "p6": 0.10510511,
            "p7": 0.11111111,
            "p8": 0.21212121,
            "p9": 0.17283951,
            "p10": 0.15053763,
            "p11": 0.20467836,
            "p12": 0.07700770,
            "p13": 0.16091954,
            "p14": 0.15350877
        },
        "visustin": {
            "p1": 0.40229885,
            "p2": 0.68627451,
            "p3": 0.51851852,
            "p4": 0.14861996,
            "p5": 0.21021021,
            "p6": 0.43209877,
            "p7": 0.39548023,
            "p8": 0.05173688,
            "p9": 0.80459770,
            "p10": 0.10014306,
            "p11": 0.18518519,
            "p12": 0.11111111,
            "p13": 0.15350877,
            "p14": 0.53030303
            
        }
        
    },
    "task_a3": {
        "provenance_curious": {
            "p1": 0.01233263,
            "p2": 0.01105845,
            "p3": 0.01666667,
            "p4": 0.01403931,
            "p5": 0.01113232,
            "p6": 0.02547307,
            "p7": 0.01587302,
            "p8": 0.01405622,
            "p9": 0.00815281,
            "p10": 0.01900109,
            "p11": 0.01291990,
            "p12": 0.01160862,
            "p13": 0.01255831,
            "p14": 0.01023392
        },
        "prospective_prov": {
            "p1": 0.10268562,
            "p2": 0.10317460,
            "p3": 0.10726073,
            "p4": 0.15476190,
            "p5": 0.20061728,
            "p6": 0.16169154,
            "p7": 0.15700483,
            "p8": 0.14444444,
            "p9": 0.10779436,
            "p10": 0.08990318,
            "p11": 0.09180791,
            "p12": 0.10124611,
            "p13": 0.10833333,
            "p14": 0.07222222
            
        },
        "visustin": {
            "p1": 0.09523810,
            "p2": 0.16203704,
            "p3": 0.18666667,
            "p4": 0.18666667,
            "p5": 0.15873016,
            "p6": 0.10510511,
            "p7": 0.10703364,
            "p8": 0.10752688,
            "p9": 0.22875817,
            "p10": 0.10189229,
            "p11": 0.09845288,
            "p12": 0.10654490,
            "p13": 0.05529226,
            "p14": 0.17543860
            
        }
        
    }
}